[{"model": "admin.logentry", "pk": 1, "fields": {"action_time": "2023-03-09T11:38:40.302Z", "user": 1, "content_type": 8, "object_id": "1", "object_repr": "Драма", "action_flag": 1, "change_message": "new through import_export"}}, {"model": "admin.logentry", "pk": 2, "fields": {"action_time": "2023-03-09T11:38:40.307Z", "user": 1, "content_type": 8, "object_id": "2", "object_repr": "Комедия", "action_flag": 1, "change_message": "new through import_export"}}, {"model": "admin.logentry", "pk": 3, "fields": {"action_time": "2023-03-09T11:38:40.315Z", "user": 1, "content_type": 8, "object_id": "3", "object_repr": "Вестерн", "action_flag": 1, "change_message": "new through import_export"}}, {"model": "admin.logentry", "pk": 4, "fields": {"action_time": "2023-03-09T11:38:40.323Z", "user": 1, "content_type": 8, "object_id": "4", "object_repr": "Фэнтези", "action_flag": 1, "change_message": "new through import_export"}}, {"model": "admin.logentry", "pk": 5, "fields": {"action_time": "2023-03-09T11:38:40.328Z", "user": 1, "content_type": 8, "object_id": "5", "object_repr": "Фантастика", "action_flag": 1, "change_message": "new through import_export"}}, {"model": "admin.logentry", "pk": 6, "fields": {"action_time": "2023-03-09T11:38:40.333Z", "user": 1, "content_type": 8, "object_id": "6", "object_repr": "Детектив", "action_flag": 1, "change_message": "new through import_export"}}, {"model": "admin.logentry", "pk": 7, "fields": {"action_time": "2023-03-09T11:38:40.338Z", "user": 1, "content_type": 8, "object_id": "7", "object_repr": "Триллер", "action_flag": 1, "change_message": "new through import_export"}}, {"model": "admin.logentry", "pk": 8, "fields": {"action_time": "2023-03-09T11:38:40.342Z", "user": 1, "content_type": 8, "object_id": "8", "object_repr": "Сказка", "action_flag": 1, "change_message": "new through import_export"}}, {"model": "admin.logentry", "pk": 9, "fields": {"action_time": "2023-03-09T11:38:40.347Z", "user": 1, "content_type": 8, "object_id": "9", "object_repr": "Гонзо", "action_flag": 1, "change_message": "new through import_export"}}, {"model": "admin.logentry", "pk": 10, "fields": {"action_time": "2023-03-09T11:38:40.351Z", "user": 1, "content_type": 8, "object_id": "10", "object_repr": "Роман", "action_flag": 1, "change_message": "new through import_export"}}, {"model": "admin.logentry", "pk": 11, "fields": {"action_time": "2023-03-09T11:38:40.356Z", "user": 1, "content_type": 8, "object_id": "11", "object_repr": "Баллада", "action_flag": 1, "change_message": "new through import_export"}}, {"model": "admin.logentry", "pk": 12, "fields": {"action_time": "2023-03-09T11:38:40.360Z", "user": 1, "content_type": 8, "object_id": "12", "object_repr": "Rock-n-roll", "action_flag": 1, "change_message": "new through import_export"}}, {"model": "admin.logentry", "pk": 13, "fields": {"action_time": "2023-03-09T11:38:40.374Z", "user": 1, "content_type": 8, "object_id": "13", "object_repr": "Классика", "action_flag": 1, "change_message": "new through import_export"}}, {"model": "admin.logentry", "pk": 14, "fields": {"action_time": "2023-03-09T11:38:40.380Z", "user": 1, "content_type": 8, "object_id": "14", "object_repr": "Рок", "action_flag": 1, "change_message": "new through import_export"}}, {"model": "admin.logentry", "pk": 15, "fields": {"action_time": "2023-03-09T11:38:40.385Z", "user": 1, "content_type": 8, "object_id": "15", "object_repr": "Шансон", "action_flag": 1, "change_message": "new through import_export"}}, {"model": "admin.logentry", "pk": 16, "fields": {"action_time": "2023-03-09T11:38:49.670Z", "user": 1, "content_type": 7, "object_id": "1", "object_repr": "Фильм", "action_flag": 1, "change_message": "new through import_export"}}, {"model": "admin.logentry", "pk": 17, "fields": {"action_time": "2023-03-09T11:38:49.675Z", "user": 1, "content_type": 7, "object_id": "2", "object_repr": "Книга", "action_flag": 1, "change_message": "new through import_export"}}, {"model": "admin.logentry", "pk": 18, "fields": {"action_time": "2023-03-09T11:38:49.679Z", "user": 1, "content_type": 7, "object_id": "3", "object_repr": "Музыка", "action_flag": 1, "change_message": "new through import_export"}}, {"model": "admin.logentry", "pk": 19, "fields": {"action_time": "2023-03-09T11:38:59.839Z", "user": 1, "content_type": 9, "object_id": "1", "object_repr": "Побег из Шоушенка", "action_flag": 1, "change_message": "new through import_export"}}, {"model": "admin.logentry", "pk": 20, "fields": {"action_time": "2023-03-09T11:38:59.844Z", "user": 1, "content_type": 9, "object_id": "2", "object_repr": "Крестный отец", "action_flag": 1, "change_message": "new through import_export"}}, {"model": "admin.logentry", "pk": 21, "fields": {"action_time": "2023-03-09T11:38:59.848Z", "user": 1, "content_type": 9, "object_id": "3", "object_repr": "12 разгневанных мужчин", "action_flag": 1, "change_message": "new through import_export"}}, {"model": "admin.logentry", "pk": 22, "fields": {"action_time": "2023-03-09T11:38:59.856Z", "user": 1, "content_type": 9, "object_id": "4", "object_repr": "Список Шиндлера", "action_flag": 1, "change_message": "new through import_export"}}, {"model": "admin.logentry", "pk": 23, "fields": {"action_time": "2023-03-09T11:38:59.862Z", "user": 1, "content_type": 9, "object_id": "5", "object_repr": "Криминальное чтиво", "action_flag": 1, "change_message": "new through import_export"}}, {"model": "admin.logentry", "pk": 24, "fields": {"action_time": "2023-03-09T11:38:59.866Z", "user": 1, "content_type": 9, "object_id": "6", "object_repr": "Хороший, плохой, злой", "action_flag": 1, "change_message": "new through import_export"}}, {"model": "admin.logentry", "pk": 25, "fields": {"action_time": "2023-03-09T11:38:59.870Z", "user": 1, "content_type": 9, "object_id": "7", "object_repr": "Властелин колец: Братство кольца", "action_flag": 1, "change_message": "new through import_export"}}, {"model": "admin.logentry", "pk": 26, "fields": {"action_time": "2023-03-09T11:38:59.876Z", "user": 1, "content_type": 9, "object_id": "8", "object_repr": "Бойцовский клуб", "action_flag": 1, "change_message": "new through import_export"}}, {"model": "admin.logentry", "pk": 27, "fields": {"action_time": "2023-03-09T11:38:59.881Z", "user": 1, "content_type": 9, "object_id": "9", "object_repr": "Форрест Гамп", "action_flag": 1, "change_message": "new through import_export"}}, {"model": "admin.logentry", "pk": 28, "fields": {"action_time": "2023-03-09T11:38:59.885Z", "user": 1, "content_type": 9, "object_id": "10", "object_repr": "Звёздные войны. Эпизод 5: Империя наносит ответный удар", "action_flag": 1, "change_message": "new through import_export"}}, {"model": "admin.logentry", "pk": 29, "fields": {"action_time": "2023-03-09T11:38:59.890Z", "user": 1, "content_type": 9, "object_id": "11", "object_repr": "Властелин колец: Две крепости", "action_flag": 1, "change_message": "new through import_export"}}, {"model": "admin.logentry", "pk": 30, "fields": {"action_time": "2023-03-09T11:38:59.894Z", "user": 1, "content_type": 9, "object_id": "12", "object_repr": "Матрица", "action_flag": 1, "change_message": "new through import_export"}}, {"model": "admin.logentry", "pk": 31, "fields": {"action_time": "2023-03-09T11:38:59.898Z", "user": 1, "content_type": 9, "object_id": "13", "object_repr": "Пролетая над гнездом кукушки", "action_flag": 1, "change_message": "new through import_export"}}, {"model": "admin.logentry", "pk": 32, "fields": {"action_time": "2023-03-09T11:38:59.903Z", "user": 1, "content_type": 9, "object_id": "14", "object_repr": "Назад в будущее", "action_flag": 1, "change_message": "new through import_export"}}, {"model": "admin.logentry", "pk": 33, "fields": {"action_time": "2023-03-09T11:38:59.908Z", "user": 1, "content_type": 9, "object_id": "15", "object_repr": "Операция «Ы» и другие приключения Шурика", "action_flag": 1, "change_message": "new through import_export"}}, {"model": "admin.logentry", "pk": 34, "fields": {"action_time": "2023-03-09T11:38:59.916Z", "user": 1, "content_type": 9, "object_id": "16", "object_repr": "Карты, деньги, два ствола", "action_flag": 1, "change_message": "new through import_export"}}, {"model": "admin.logentry", "pk": 35, "fields": {"action_time": "2023-03-09T11:38:59.921Z", "user": 1, "content_type": 9, "object_id": "17", "object_repr": "Джентльмены удачи ", "action_flag": 1, "change_message": "new through import_export"}}, {"model": "admin.logentry", "pk": 36, "fields": {"action_time": "2023-03-09T11:38:59.925Z", "user": 1, "content_type": 9, "object_id": "18", "object_repr": "Джанго освобожденный", "action_flag": 1, "change_message": "new through import_export"}}, {"model": "admin.logentry", "pk": 37, "fields": {"action_time": "2023-03-09T11:38:59.931Z", "user": 1, "content_type": 9, "object_id": "19", "object_repr": "Generation П", "action_flag": 1, "change_message": "new through import_export"}}, {"model": "admin.logentry", "pk": 38, "fields": {"action_time": "2023-03-09T11:38:59.935Z", "user": 1, "content_type": 9, "object_id": "20", "object_repr": "Колобок", "action_flag": 1, "change_message": "new through import_export"}}, {"model": "admin.logentry", "pk": 39, "fields": {"action_time": "2023-03-09T11:38:59.939Z", "user": 1, "content_type": 9, "object_id": "21", "object_repr": "Страх и ненависть в Лас-Вегасе", "action_flag": 1, "change_message": "new through import_export"}}, {"model": "admin.logentry", "pk": 40, "fields": {"action_time": "2023-03-09T11:38:59.944Z", "user": 1, "content_type": 9, "object_id": "22", "object_repr": "Война и мир", "action_flag": 1, "change_message": "new through import_export"}}, {"model": "admin.logentry", "pk": 41, "fields": {"action_time": "2023-03-09T11:38:59.947Z", "user": 1, "content_type": 9, "object_id": "23", "object_repr": "Улисс", "action_flag": 1, "change_message": "new through import_export"}}, {"model": "admin.logentry", "pk": 42, "fields": {"action_time": "2023-03-09T11:38:59.951Z", "user": 1, "content_type": 9, "object_id": "24", "object_repr": "Generation П", "action_flag": 1, "change_message": "new through import_export"}}, {"model": "admin.logentry", "pk": 43, "fields": {"action_time": "2023-03-09T11:38:59.955Z", "user": 1, "content_type": 9, "object_id": "25", "object_repr": "Винни Пух и все-все-все", "action_flag": 1, "change_message": "new through import_export"}}, {"model": "admin.logentry", "pk": 44, "fields": {"action_time": "2023-03-09T11:38:59.959Z", "user": 1, "content_type": 9, "object_id": "26", "object_repr": "Стас Михайлов - Позывные на любовь", "action_flag": 1, "change_message": "new through import_export"}}, {"model": "admin.logentry", "pk": 45, "fields": {"action_time": "2023-03-09T11:38:59.963Z", "user": 1, "content_type": 9, "object_id": "27", "object_repr": "Led Zeppelin — Stairway to Heaven", "action_flag": 1, "change_message": "new through import_export"}}, {"model": "admin.logentry", "pk": 46, "fields": {"action_time": "2023-03-09T11:38:59.967Z", "user": 1, "content_type": 9, "object_id": "28", "object_repr": "Jethro Tull - Aqualung", "action_flag": 1, "change_message": "new through import_export"}}, {"model": "admin.logentry", "pk": 47, "fields": {"action_time": "2023-03-09T11:38:59.971Z", "user": 1, "content_type": 9, "object_id": "29", "object_repr": "Elvis Presley - Blue Suede Shoes", "action_flag": 1, "change_message": "new through import_export"}}, {"model": "admin.logentry", "pk": 48, "fields": {"action_time": "2023-03-09T11:38:59.975Z", "user": 1, "content_type": 9, "object_id": "30", "object_repr": "Deep Purple — Smoke on the Water", "action_flag": 1, "change_message": "new through import_export"}}, {"model": "admin.logentry", "pk": 49, "fields": {"action_time": "2023-03-09T11:38:59.979Z", "user": 1, "content_type": 9, "object_id": "31", "object_repr": "Моцарт - Турецкий марш", "action_flag": 1, "change_message": "new through import_export"}}, {"model": "admin.logentry", "pk": 50, "fields": {"action_time": "2023-03-09T11:38:59.984Z", "user": 1, "content_type": 9, "object_id": "32", "object_repr": "Бах. Оркестровая Сюита №2 си минор", "action_flag": 1, "change_message": "new through import_export"}}, {"model": "admin.logentry", "pk": 51, "fields": {"action_time": "2023-03-09T11:39:10.783Z", "user": 1, "content_type": 10, "object_id": "1", "object_repr": "Побег из Шоушенка Драма", "action_flag": 1, "change_message": "new through import_export"}}, {"model": "admin.logentry", "pk": 52, "fields": {"action_time": "2023-03-09T11:39:10.788Z", "user": 1, "content_type": 10, "object_id": "2", "object_repr": "Крестный отец Драма", "action_flag": 1, "change_message": "new through import_export"}}, {"model": "admin.logentry", "pk": 53, "fields": {"action_time": "2023-03-09T11:39:10.792Z", "user": 1, "content_type": 10, "object_id": "3", "object_repr": "12 разгневанных мужчин Драма", "action_flag": 1, "change_message": "new through import_export"}}, {"model": "admin.logentry", "pk": 54, "fields": {"action_time": "2023-03-09T11:39:10.796Z", "user": 1, "content_type": 10, "object_id": "4", "object_repr": "Список Шиндлера Драма", "action_flag": 1, "change_message": "new through import_export"}}, {"model": "admin.logentry", "pk": 55, "fields": {"action_time": "2023-03-09T11:39:10.800Z", "user": 1, "content_type": 10, "object_id": "5", "object_repr": "Криминальное чтиво Комедия", "action_flag": 1, "change_message": "new through import_export"}}, {"model": "admin.logentry", "pk": 56, "fields": {"action_time": "2023-03-09T11:39:10.804Z", "user": 1, "content_type": 10, "object_id": "6", "object_repr": "Криминальное чтиво Детектив", "action_flag": 1, "change_message": "new through import_export"}}, {"model": "admin.logentry", "pk": 57, "fields": {"action_time": "2023-03-09T11:39:10.808Z", "user": 1, "content_type": 10, "object_id": "7", "object_repr": "Криминальное чтиво Триллер", "action_flag": 1, "change_message": "new through import_export"}}, {"model": "admin.logentry", "pk": 58, "fields": {"action_time": "2023-03-09T11:39:10.812Z", "user": 1, "content_type": 10, "object_id": "8", "object_repr": "Хороший, плохой, злой Вестерн", "action_flag": 1, "change_message": "new through import_export"}}, {"model": "admin.logentry", "pk": 59, "fields": {"action_time": "2023-03-09T11:39:10.816Z", "user": 1, "content_type": 10, "object_id": "9", "object_repr": "Властелин колец: Братство кольца Фэнтези", "action_flag": 1, "change_message": "new through import_export"}}, {"model": "admin.logentry", "pk": 60, "fields": {"action_time": "2023-03-09T11:39:10.819Z", "user": 1, "content_type": 10, "object_id": "10", "object_repr": "Бойцовский клуб Триллер", "action_flag": 1, "change_message": "new through import_export"}}, {"model": "admin.logentry", "pk": 61, "fields": {"action_time": "2023-03-09T11:39:10.824Z", "user": 1, "content_type": 10, "object_id": "11", "object_repr": "Форрест Гамп Драма", "action_flag": 1, "change_message": "new through import_export"}}, {"model": "admin.logentry", "pk": 62, "fields": {"action_time": "2023-03-09T11:39:10.827Z", "user": 1, "content_type": 10, "object_id": "12", "object_repr": "Форрест Гамп Комедия", "action_flag": 1, "change_message": "new through import_export"}}, {"model": "admin.logentry", "pk": 63, "fields": {"action_time": "2023-03-09T11:39:10.831Z", "user": 1, "content_type": 10, "object_id": "13", "object_repr": "Звёздные войны. Эпизод 5: Империя наносит ответный удар Фэнтези", "action_flag": 1, "change_message": "new through import_export"}}, {"model": "admin.logentry", "pk": 64, "fields": {"action_time": "2023-03-09T11:39:10.835Z", "user": 1, "content_type": 10, "object_id": "14", "object_repr": "Властелин колец: Две крепости Фэнтези", "action_flag": 1, "change_message": "new through import_export"}}, {"model": "admin.logentry", "pk": 65, "fields": {"action_time": "2023-03-09T11:39:10.839Z", "user": 1, "content_type": 10, "object_id": "15", "object_repr": "Матрица Драма", "action_flag": 1, "change_message": "new through import_export"}}, {"model": "admin.logentry", "pk": 66, "fields": {"action_time": "2023-03-09T11:39:10.843Z", "user": 1, "content_type": 10, "object_id": "16", "object_repr": "Матрица Фантастика", "action_flag": 1, "change_message": "new through import_export"}}, {"model": "admin.logentry", "pk": 67, "fields": {"action_time": "2023-03-09T11:39:10.847Z", "user": 1, "content_type": 10, "object_id": "17", "object_repr": "Матрица Детектив", "action_flag": 1, "change_message": "new through import_export"}}, {"model": "admin.logentry", "pk": 68, "fields": {"action_time": "2023-03-09T11:39:10.851Z", "user": 1, "content_type": 10, "object_id": "18", "object_repr": "Матрица Сказка", "action_flag": 1, "change_message": "new through import_export"}}, {"model": "admin.logentry", "pk": 69, "fields": {"action_time": "2023-03-09T11:39:10.855Z", "user": 1, "content_type": 10, "object_id": "19", "object_repr": "Пролетая над гнездом кукушки Драма", "action_flag": 1, "change_message": "new through import_export"}}, {"model": "admin.logentry", "pk": 70, "fields": {"action_time": "2023-03-09T11:39:10.859Z", "user": 1, "content_type": 10, "object_id": "20", "object_repr": "Назад в будущее Фантастика", "action_flag": 1, "change_message": "new through import_export"}}, {"model": "admin.logentry", "pk": 71, "fields": {"action_time": "2023-03-09T11:39:10.863Z", "user": 1, "content_type": 10, "object_id": "21", "object_repr": "Операция «Ы» и другие приключения Шурика Комедия", "action_flag": 1, "change_message": "new through import_export"}}, {"model": "admin.logentry", "pk": 72, "fields": {"action_time": "2023-03-09T11:39:10.867Z", "user": 1, "content_type": 10, "object_id": "22", "object_repr": "Операция «Ы» и другие приключения Шурика Детектив", "action_flag": 1, "change_message": "new through import_export"}}, {"model": "admin.logentry", "pk": 73, "fields": {"action_time": "2023-03-09T11:39:10.876Z", "user": 1, "content_type": 10, "object_id": "23", "object_repr": "Операция «Ы» и другие приключения Шурика Сказка", "action_flag": 1, "change_message": "new through import_export"}}, {"model": "admin.logentry", "pk": 74, "fields": {"action_time": "2023-03-09T11:39:10.884Z", "user": 1, "content_type": 10, "object_id": "24", "object_repr": "Карты, деньги, два ствола Комедия", "action_flag": 1, "change_message": "new through import_export"}}, {"model": "admin.logentry", "pk": 75, "fields": {"action_time": "2023-03-09T11:39:10.889Z", "user": 1, "content_type": 10, "object_id": "25", "object_repr": "Джентльмены удачи  Комедия", "action_flag": 1, "change_message": "new through import_export"}}, {"model": "admin.logentry", "pk": 76, "fields": {"action_time": "2023-03-09T11:39:10.893Z", "user": 1, "content_type": 10, "object_id": "26", "object_repr": "Джанго освобожденный Драма", "action_flag": 1, "change_message": "new through import_export"}}, {"model": "admin.logentry", "pk": 77, "fields": {"action_time": "2023-03-09T11:39:10.897Z", "user": 1, "content_type": 10, "object_id": "27", "object_repr": "Generation П Драма", "action_flag": 1, "change_message": "new through import_export"}}, {"model": "admin.logentry", "pk": 78, "fields": {"action_time": "2023-03-09T11:39:10.901Z", "user": 1, "content_type": 10, "object_id": "28", "object_repr": "Колобок Триллер", "action_flag": 1, "change_message": "new through import_export"}}, {"model": "admin.logentry", "pk": 79, "fields": {"action_time": "2023-03-09T11:39:10.906Z", "user": 1, "content_type": 10, "object_id": "29", "object_repr": "Колобок Сказка", "action_flag": 1, "change_message": "new through import_export"}}, {"model": "admin.logentry", "pk": 80, "fields": {"action_time": "2023-03-09T11:39:10.909Z", "user": 1, "content_type": 10, "object_id": "30", "object_repr": "Страх и ненависть в Лас-Вегасе Гонзо", "action_flag": 1, "change_message": "new through import_export"}}, {"model": "admin.logentry", "pk": 81, "fields": {"action_time": "2023-03-09T11:39:10.913Z", "user": 1, "content_type": 10, "object_id": "31", "object_repr": "Война и мир Роман", "action_flag": 1, "change_message": "new through import_export"}}, {"model": "admin.logentry", "pk": 82, "fields": {"action_time": "2023-03-09T11:39:10.917Z", "user": 1, "content_type": 10, "object_id": "32", "object_repr": "Улисс Роман", "action_flag": 1, "change_message": "new through import_export"}}, {"model": "admin.logentry", "pk": 83, "fields": {"action_time": "2023-03-09T11:39:10.921Z", "user": 1, "content_type": 10, "object_id": "33", "object_repr": "Generation П Роман", "action_flag": 1, "change_message": "new through import_export"}}, {"model": "admin.logentry", "pk": 84, "fields": {"action_time": "2023-03-09T11:39:10.925Z", "user": 1, "content_type": 10, "object_id": "34", "object_repr": "Винни Пух и все-все-все Сказка", "action_flag": 1, "change_message": "new through import_export"}}, {"model": "admin.logentry", "pk": 85, "fields": {"action_time": "2023-03-09T11:39:10.929Z", "user": 1, "content_type": 10, "object_id": "35", "object_repr": "Стас Михайлов - Позывные на любовь Шансон", "action_flag": 1, "change_message": "new through import_export"}}, {"model": "admin.logentry", "pk": 86, "fields": {"action_time": "2023-03-09T11:39:10.933Z", "user": 1, "content_type": 10, "object_id": "36", "object_repr": "Led Zeppelin — Stairway to Heaven Баллада", "action_flag": 1, "change_message": "new through import_export"}}, {"model": "admin.logentry", "pk": 87, "fields": {"action_time": "2023-03-09T11:39:10.937Z", "user": 1, "content_type": 10, "object_id": "37", "object_repr": "Led Zeppelin — Stairway to Heaven Рок", "action_flag": 1, "change_message": "new through import_export"}}, {"model": "admin.logentry", "pk": 88, "fields": {"action_time": "2023-03-09T11:39:10.941Z", "user": 1, "content_type": 10, "object_id": "38", "object_repr": "Jethro Tull - Aqualung Баллада", "action_flag": 1, "change_message": "new through import_export"}}, {"model": "admin.logentry", "pk": 89, "fields": {"action_time": "2023-03-09T11:39:10.945Z", "user": 1, "content_type": 10, "object_id": "39", "object_repr": "Elvis Presley - Blue Suede Shoes Rock-n-roll", "action_flag": 1, "change_message": "new through import_export"}}, {"model": "admin.logentry", "pk": 90, "fields": {"action_time": "2023-03-09T11:39:10.949Z", "user": 1, "content_type": 10, "object_id": "40", "object_repr": "Deep Purple — Smoke on the Water Рок", "action_flag": 1, "change_message": "new through import_export"}}, {"model": "admin.logentry", "pk": 91, "fields": {"action_time": "2023-03-09T11:39:10.953Z", "user": 1, "content_type": 10, "object_id": "41", "object_repr": "Моцарт - Турецкий марш Классика", "action_flag": 1, "change_message": "new through import_export"}}, {"model": "admin.logentry", "pk": 92, "fields": {"action_time": "2023-03-09T11:39:10.958Z", "user": 1, "content_type": 10, "object_id": "42", "object_repr": "Бах. Оркестровая Сюита №2 си минор Классика", "action_flag": 1, "change_message": "new through import_export"}}, {"model": "admin.logentry", "pk": 93, "fields": {"action_time": "2023-03-09T11:39:45.203Z", "user": 1, "content_type": 6, "object_id": "100", "object_repr": "bingobongo", "action_flag": 1, "change_message": "new through import_export"}}, {"model": "admin.logentry", "pk": 94, "fields": {"action_time": "2023-03-09T11:39:45.210Z", "user": 1, "content_type": 6, "object_id": "101", "object_repr": "capt_obvious", "action_flag": 1, "change_message": "new through import_export"}}, {"model": "admin.logentry", "pk": 95, "fields": {"action_time": "2023-03-09T11:39:45.214Z", "user": 1, "content_type": 6, "object_id": "102", "object_repr": "faust", "action_flag": 1, "change_message": "new through import_export"}}, {"model": "admin.logentry", "pk": 96, "fields": {"action_time": "2023-03-09T11:39:45.219Z", "user": 1, "content_type": 6, "object_id": "103", "object_repr": "reviewer", "action_flag": 1, "change_message": "new through import_export"}}, {"model": "admin.logentry", "pk": 97, "fields": {"action_time": "2023-03-09T11:39:45.223Z", "user": 1, "content_type": 6, "object_id": "104", "object_repr": "angry", "action_flag": 1, "change_message": "new through import_export"}}, {"model": "admin.logentry", "pk": 98, "fields": {"action_time": "2023-03-09T11:39:58.659Z", "user": 1, "content_type": 11, "object_id": "1", "object_repr": "Ставлю десять звёзд!\n...Эти голоса были чище и светлее тех, о которых мечтали в этом сером, убогом месте. Как будто две птички влетели и своими голосами развеяли стены наших клеток, и на короткий миг ", "action_flag": 1, "change_message": "new through import_export"}}, {"model": "admin.logentry", "pk": 99, "fields": {"action_time": "2023-03-09T11:39:58.663Z", "user": 1, "content_type": 11, "object_id": "2", "object_repr": "Не привыкай\n«Эти стены имеют одно свойство: сначала ты их ненавидишь, потом привыкаешь, а потом не можешь без них жить»", "action_flag": 1, "change_message": "new through import_export"}}, {"model": "admin.logentry", "pk": 100, "fields": {"action_time": "2023-03-09T11:39:58.668Z", "user": 1, "content_type": 11, "object_id": "3", "object_repr": "Фильм, разобранный на цитаты, достоин высшей оценки. Десять с плюсом (жаль, тут плюса нет)\n\"Ты пришел и говоришь: \"Дон Корлеоне, мне нужна справедливость\". Но ты просишь без уважения, ты не предлагаеш", "action_flag": 1, "change_message": "new through import_export"}}, {"model": "admin.logentry", "pk": 101, "fields": {"action_time": "2023-03-09T11:39:58.672Z", "user": 1, "content_type": 11, "object_id": "4", "object_repr": "Жестокий, жестокий, жестокий мир, не о таком мечтали мы в детстве!!111\n***Отец сделал ему предложение, от которого он не смог отказаться. Лука Брази держал пистолет у его виска, и отец предложил выбор", "action_flag": 1, "change_message": "new through import_export"}}, {"model": "admin.logentry", "pk": 102, "fields": {"action_time": "2023-03-09T11:39:58.676Z", "user": 1, "content_type": 11, "object_id": "5", "object_repr": "Это мои соседи! Ставлю три звезды за то, что они дважды отдавили мне окном пальцы:\n----------------------\n— Вы живёте в плохом районе?\n— Не то слово. Однажды с нашей улицы угнали полицейскую машину с ", "action_flag": 1, "change_message": "new through import_export"}}, {"model": "admin.logentry", "pk": 103, "fields": {"action_time": "2023-03-09T11:39:58.680Z", "user": 1, "content_type": 11, "object_id": "16", "object_repr": "Сходила в кино, решила написать: драйв и огонь, но иногда какой-то бред на экране. В середине фильма просто отличные диалоги! Пусть будет 7", "action_flag": 1, "change_message": "new through import_export"}}, {"model": "admin.logentry", "pk": 104, "fields": {"action_time": "2023-03-09T11:39:58.684Z", "user": 1, "content_type": 11, "object_id": "17", "object_repr": "Смотрел, не отрываясь, хочу описать свои впечатления. По моему мнению, сценарий подкачал, зато подбор актёров - супер. Начало немного затянуто. Оператору - Оскара! Всё остальное - не очень. Фильм тяне", "action_flag": 1, "change_message": "new through import_export"}}, {"model": "admin.logentry", "pk": 105, "fields": {"action_time": "2023-03-09T11:39:58.688Z", "user": 1, "content_type": 11, "object_id": "18", "object_repr": "Скачал, посмотрел, думаю, что актёры так себе, сценарий хороший. Диалоги прекрасные, так что пусть будет восемь звезд", "action_flag": 1, "change_message": "new through import_export"}}, {"model": "admin.logentry", "pk": 106, "fields": {"action_time": "2023-03-09T11:39:58.692Z", "user": 1, "content_type": 11, "object_id": "19", "object_repr": "Посмотрел. По моему мнению, актёры так себе, но сценарий хороший. Первую половину фильма можно спать, не опасаясь, что что-то пропустишь. Не раздумывая, ставлю уверенную десятку", "action_flag": 1, "change_message": "new through import_export"}}, {"model": "admin.logentry", "pk": 107, "fields": {"action_time": "2023-03-09T11:39:58.696Z", "user": 1, "content_type": 11, "object_id": "6", "object_repr": "Всё, как в разных языках программирования! В основном — похоже, но вот эти маленькие различия выводят из себя. \nВеликий фильм на все случаи жизни!\n=====================================================", "action_flag": 1, "change_message": "new through import_export"}}, {"model": "admin.logentry", "pk": 108, "fields": {"action_time": "2023-03-09T11:39:58.700Z", "user": 1, "content_type": 11, "object_id": "7", "object_repr": "Ничего не понятно. Они там что, страницы сценария перепутали? Его сперва убили, а потом он опять жив, а они сперва в футболках, потом в костюмах, а потом опять в футболках. Ерунда полная", "action_flag": 1, "change_message": "new through import_export"}}, {"model": "admin.logentry", "pk": 109, "fields": {"action_time": "2023-03-09T11:39:58.704Z", "user": 1, "content_type": 11, "object_id": "8", "object_repr": "Очень поучительный фильм о том, что такое хорошо, что такое плохо и почему не надо читать в туалете.\nТвердая восьмёрка", "action_flag": 1, "change_message": "new through import_export"}}, {"model": "admin.logentry", "pk": 110, "fields": {"action_time": "2023-03-09T11:39:58.709Z", "user": 1, "content_type": 11, "object_id": "9", "object_repr": "Посмотрел фильм. \n— На свете есть два типа людей: те, кто копает и те, у кого заряжен револьвер.\nПойду копать, как велел Клинт. \nДевять баллов.", "action_flag": 1, "change_message": "new through import_export"}}, {"model": "admin.logentry", "pk": 111, "fields": {"action_time": "2023-03-09T11:39:58.713Z", "user": 1, "content_type": 11, "object_id": "10", "object_repr": "Вечная проблема всех злодеев, болтающих-болтающих-болтающих вместо того, чтобы просто застрелить противника, одним махом решена в этой сцене.\nЗа одно это фильм заслуживает высшего балла\n\"Пришел стреля", "action_flag": 1, "change_message": "new through import_export"}}, {"model": "admin.logentry", "pk": 112, "fields": {"action_time": "2023-03-09T11:39:58.717Z", "user": 1, "content_type": 11, "object_id": "21", "object_repr": "Скачал, посмотрел, думаю, что сценарий подкачал, зато подбор актёров - супер. Начало немного затянуто, да и вообще не очень. Фильм едва тянет на 4", "action_flag": 1, "change_message": "new through import_export"}}, {"model": "admin.logentry", "pk": 113, "fields": {"action_time": "2023-03-09T11:39:58.721Z", "user": 1, "content_type": 11, "object_id": "20", "object_repr": "Скажу тем, кто ещё не смотрел: если бы я был режиссёром этого фильма - я бы не гордился. Оператора уволить, фильм получился так себе, но один раз посмотреть - сойдёт. Авторы честно заслужили 5 из 10", "action_flag": 1, "change_message": "new through import_export"}}, {"model": "admin.logentry", "pk": 114, "fields": {"action_time": "2023-03-09T11:39:58.725Z", "user": 1, "content_type": 11, "object_id": "22", "object_repr": "Мне кажется, что я впустую потерял время. Ставлю 2", "action_flag": 1, "change_message": "new through import_export"}}, {"model": "admin.logentry", "pk": 115, "fields": {"action_time": "2023-03-09T11:39:58.729Z", "user": 1, "content_type": 11, "object_id": "23", "object_repr": "Посмотрела. Актёры так себе, сценарий хороший. Уснула к середине. Не раздумывая, ставлю двойку ", "action_flag": 1, "change_message": "new through import_export"}}, {"model": "admin.logentry", "pk": 116, "fields": {"action_time": "2023-03-09T11:39:58.733Z", "user": 1, "content_type": 11, "object_id": "26", "object_repr": "Для людей, которые хотят посмеяться и получить море эмоций, тот самый фильм. Мне очень понравился.", "action_flag": 1, "change_message": "new through import_export"}}, {"model": "admin.logentry", "pk": 117, "fields": {"action_time": "2023-03-09T11:39:58.737Z", "user": 1, "content_type": 11, "object_id": "24", "object_repr": "Все очень долго ждали премьеру фильма,и наконец дождались.Фильм отличный,добрый,смотрится почти на одном дыхании,с завязанным сюжетом и не менее крутой музыкой.Кино очень понравилось!!!Всем советую.", "action_flag": 1, "change_message": "new through import_export"}}, {"model": "admin.logentry", "pk": 118, "fields": {"action_time": "2023-03-09T11:39:58.741Z", "user": 1, "content_type": 11, "object_id": "25", "object_repr": "Отстой-фильм. Не ходите", "action_flag": 1, "change_message": "new through import_export"}}, {"model": "admin.logentry", "pk": 119, "fields": {"action_time": "2023-03-09T11:39:58.745Z", "user": 1, "content_type": 11, "object_id": "27", "object_repr": "Первый раз в жизни решила написать отзыв,чтобы предостеречь от потери денег на билет и траты времени на просмотр. К игре актеров претензий нет", "action_flag": 1, "change_message": "new through import_export"}}, {"model": "admin.logentry", "pk": 120, "fields": {"action_time": "2023-03-09T11:39:58.749Z", "user": 1, "content_type": 11, "object_id": "28", "object_repr": "2 часа смотрятся на одном дыхании. Спецэффекты на уровне фильмов Марвела. Смотрели всей семьей. Посмотрел несколько отзывов, понял , что фильм стоит посмотреть", "action_flag": 1, "change_message": "new through import_export"}}, {"model": "admin.logentry", "pk": 121, "fields": {"action_time": "2023-03-09T11:39:58.754Z", "user": 1, "content_type": 11, "object_id": "31", "object_repr": "Тупее не видел, смотреть не интересно скучняк", "action_flag": 1, "change_message": "new through import_export"}}, {"model": "admin.logentry", "pk": 122, "fields": {"action_time": "2023-03-09T11:39:58.757Z", "user": 1, "content_type": 11, "object_id": "29", "object_repr": "Действия персонажей вызывают постоянный вопросы - что и зачем они это делают. Логики просто нет. После половины фильма уже хочется уйти", "action_flag": 1, "change_message": "new through import_export"}}, {"model": "admin.logentry", "pk": 123, "fields": {"action_time": "2023-03-09T11:39:58.761Z", "user": 1, "content_type": 11, "object_id": "30", "object_repr": "Лучший фильм, однозначно. Шедевр. Но следует понимать, что это не кино под пиво для молодежи. Стильно снято, на одном дыхании\nсмотрится, персонажи великолепны", "action_flag": 1, "change_message": "new through import_export"}}, {"model": "admin.logentry", "pk": 124, "fields": {"action_time": "2023-03-09T11:39:58.765Z", "user": 1, "content_type": 11, "object_id": "32", "object_repr": "Фильм интересный,но не доработанный.Остроты сюжета не хватает", "action_flag": 1, "change_message": "new through import_export"}}, {"model": "admin.logentry", "pk": 125, "fields": {"action_time": "2023-03-09T11:39:58.769Z", "user": 1, "content_type": 11, "object_id": "33", "object_repr": "Самая сильная картина за последнее время. Фильм заставляет плакать, радоваться, грустить, держит в напряжении", "action_flag": 1, "change_message": "new through import_export"}}, {"model": "admin.logentry", "pk": 126, "fields": {"action_time": "2023-03-09T11:39:58.773Z", "user": 1, "content_type": 11, "object_id": "34", "object_repr": "С огромным удовольствием сходила в кинотеатр. Одноразовые фильмы, названия которых забываешь на выходе из дверей кинозала, разочаровывают. И вот настоящий, душевный, жизненный фильм. Игра акторов и сю", "action_flag": 1, "change_message": "new through import_export"}}, {"model": "admin.logentry", "pk": 127, "fields": {"action_time": "2023-03-09T11:39:58.777Z", "user": 1, "content_type": 11, "object_id": "36", "object_repr": "Хотелось уйти уже на двадцатой минуте. Неинтересно и нудно. Режиссура не впечатлила, ну просто неинтересно смотреть было", "action_flag": 1, "change_message": "new through import_export"}}, {"model": "admin.logentry", "pk": 128, "fields": {"action_time": "2023-03-09T11:39:58.781Z", "user": 1, "content_type": 11, "object_id": "37", "object_repr": "Фильм стоит увидеть тем, кому интересно современное кино. Не скучно, не затянуто, понравилась операторская работа, некоторые сцены сделаны на хорошем уровне", "action_flag": 1, "change_message": "new through import_export"}}, {"model": "admin.logentry", "pk": 129, "fields": {"action_time": "2023-03-09T11:39:58.785Z", "user": 1, "content_type": 11, "object_id": "35", "object_repr": "Что сказать после просмотра? Ничего. Такое ощущение, что тебя обманули, заставили смотреть за твои деньги на стену", "action_flag": 1, "change_message": "new through import_export"}}, {"model": "admin.logentry", "pk": 130, "fields": {"action_time": "2023-03-09T11:39:58.789Z", "user": 1, "content_type": 11, "object_id": "12", "object_repr": "Недавно именно так я изобрёл вечный двигатель! Чистая правда в фильме, почему он назван \"фантастикой\", это же полнейший реализм!\nВот цитата. Но зачем ему часы в уборной?!\n— В тот день я изобрёл путеше", "action_flag": 1, "change_message": "new through import_export"}}, {"model": "admin.logentry", "pk": 131, "fields": {"action_time": "2023-03-09T11:39:58.793Z", "user": 1, "content_type": 11, "object_id": "13", "object_repr": "Великий фильм, жаль только, что будущее, которое в нём показано, уже в прошлом. Но проблемы всё теже, вот как эта, например: «Док, послушай, всё, что нам нужно — это немного плутония!»\nВсегда не хвата", "action_flag": 1, "change_message": "new through import_export"}}, {"model": "admin.logentry", "pk": 132, "fields": {"action_time": "2023-03-09T11:39:58.797Z", "user": 1, "content_type": 11, "object_id": "14", "object_repr": "Будущее выглядит странно и неожиданно, тоже мне, бином Ньютона. Но диалог прекрасен, и за это не стану сильно минусовать.\n-- Then tell me, future boy, who's President of the United States in 1985?\n-- ", "action_flag": 1, "change_message": "new through import_export"}}, {"model": "admin.logentry", "pk": 133, "fields": {"action_time": "2023-03-09T11:39:58.801Z", "user": 1, "content_type": 11, "object_id": "38", "object_repr": "Муторно и тяжело. Ставлю 2", "action_flag": 1, "change_message": "new through import_export"}}, {"model": "admin.logentry", "pk": 134, "fields": {"action_time": "2023-03-09T11:39:58.806Z", "user": 1, "content_type": 11, "object_id": "39", "object_repr": "Фильм не оправдал ожиданий. Сплошная каша, слабый сценарий. С трудом досмотрела до конца. Ожидала нечто такого интересного и захватывающее. Полное разочарование. Отдельные несвязные сцены, непонятные ", "action_flag": 1, "change_message": "new through import_export"}}, {"model": "admin.logentry", "pk": 135, "fields": {"action_time": "2023-03-09T11:39:58.810Z", "user": 1, "content_type": 11, "object_id": "40", "object_repr": "Мне фильм понравился. Все качественно,красиво. Игра актеров, в основном, очень даже. Но слишком много, для меня кровавых сцен,слабонервным просьба не смотреть", "action_flag": 1, "change_message": "new through import_export"}}, {"model": "admin.logentry", "pk": 136, "fields": {"action_time": "2023-03-09T11:39:58.813Z", "user": 1, "content_type": 11, "object_id": "41", "object_repr": "Зря потерянное время! Эмоции после просмотра, - безысходность, ничего уже не изменишь. Фильм вообще никакой!!!\nИ поставили его люди бездарные и никчёмные!!!", "action_flag": 1, "change_message": "new through import_export"}}, {"model": "admin.logentry", "pk": 137, "fields": {"action_time": "2023-03-09T11:39:58.818Z", "user": 1, "content_type": 11, "object_id": "42", "object_repr": "После просмотра разочарование граничит с шоком. Бездарный фильм, как предыдущий от этого же режиссера. Не рекомендую никому! Плохо, неправдоподобно, скомкано снято.", "action_flag": 1, "change_message": "new through import_export"}}, {"model": "admin.logentry", "pk": 138, "fields": {"action_time": "2023-03-09T11:39:58.822Z", "user": 1, "content_type": 11, "object_id": "43", "object_repr": "Фильм мощный. Главное - не занимать чью-то позицию, а смотреть со стороны. Впервые вижу, чтобы было так детально показаны переживания и эмоции каждого героя. Все на своем месте. Актеры и графика на вы", "action_flag": 1, "change_message": "new through import_export"}}, {"model": "admin.logentry", "pk": 139, "fields": {"action_time": "2023-03-09T11:39:58.826Z", "user": 1, "content_type": 11, "object_id": "44", "object_repr": "Если такой жанр вам по вкусу, то даже не сомневайтесь - бегом в кинотеатр! Фильм - огонь! Интересный сюжет, великолепная игра актёров, съёмки просто супер, да и спецэффекты на высоте", "action_flag": 1, "change_message": "new through import_export"}}, {"model": "admin.logentry", "pk": 140, "fields": {"action_time": "2023-03-09T11:39:58.830Z", "user": 1, "content_type": 11, "object_id": "15", "object_repr": "Неужели из тюрьмы так легко было сбежать? Раз - и ты на свободе. Да, побег из Шоушенка пришлось готовить немного дольше. Пять за соцреализм", "action_flag": 1, "change_message": "new through import_export"}}, {"model": "admin.logentry", "pk": 141, "fields": {"action_time": "2023-03-09T11:39:58.834Z", "user": 1, "content_type": 11, "object_id": "46", "object_repr": "Разочарованине, вытащила себя в кино, а тут такое. Реклама шла мноообещающая, а в реальности всё не то", "action_flag": 1, "change_message": "new through import_export"}}, {"model": "admin.logentry", "pk": 142, "fields": {"action_time": "2023-03-09T11:39:58.838Z", "user": 1, "content_type": 11, "object_id": "45", "object_repr": "Сюжет, мысль, философия, игра актеров, эмоции - блеск! Сюжет динамичный, игра актёров хороша, но не идеальна.", "action_flag": 1, "change_message": "new through import_export"}}, {"model": "admin.logentry", "pk": 143, "fields": {"action_time": "2023-03-09T11:39:58.845Z", "user": 1, "content_type": 11, "object_id": "47", "object_repr": "Неправдоподобный, нелогичный, бессмысленный фильм. Просто никакой, можете даже не смотреть, сути не уловите. Мне понравился", "action_flag": 1, "change_message": "new through import_export"}}, {"model": "admin.logentry", "pk": 144, "fields": {"action_time": "2023-03-09T11:39:58.849Z", "user": 1, "content_type": 11, "object_id": "48", "object_repr": "Интересно продуманный фильм, цепляет необычным сюжетом. длинный, что бывает не во всех фильмах. Актёры крутые. В общем, посмотреть можно.", "action_flag": 1, "change_message": "new through import_export"}}, {"model": "admin.logentry", "pk": 145, "fields": {"action_time": "2023-03-09T11:39:58.853Z", "user": 1, "content_type": 11, "object_id": "49", "object_repr": "Внимательно слежу за всеми новыми изданиями, покупаю каждое. Лучший триллер тысячелетия — это «Колобок»", "action_flag": 1, "change_message": "new through import_export"}}, {"model": "admin.logentry", "pk": 146, "fields": {"action_time": "2023-03-09T11:39:58.858Z", "user": 1, "content_type": 11, "object_id": "50", "object_repr": "А вот у кипчаков «колобок» — шарик из навоза! И сказка приобретает совсем другой смысл! «Не хитри, а то навоза накушаешься!»", "action_flag": 1, "change_message": "new through import_export"}}, {"model": "admin.logentry", "pk": 147, "fields": {"action_time": "2023-03-09T11:39:58.862Z", "user": 1, "content_type": 11, "object_id": "51", "object_repr": "Прочла от начала до конца, не отрываясь. Ужасная книга, чему она может научить нашу молодёжь.", "action_flag": 1, "change_message": "new through import_export"}}, {"model": "admin.logentry", "pk": 148, "fields": {"action_time": "2023-03-09T11:39:58.866Z", "user": 1, "content_type": 11, "object_id": "52", "object_repr": "Суровые американские семидесятые в документальном изложении. Как автор дожил до 2005-го года — загадка. Но роман прекрасный.", "action_flag": 1, "change_message": "new through import_export"}}, {"model": "admin.logentry", "pk": 149, "fields": {"action_time": "2023-03-09T11:39:58.870Z", "user": 1, "content_type": 11, "object_id": "53", "object_repr": "Многабукуф. Ниасилил. В аннотации написано — «великий роман», так что ставлю максимальную оценку", "action_flag": 1, "change_message": "new through import_export"}}, {"model": "admin.logentry", "pk": 150, "fields": {"action_time": "2023-03-09T11:39:58.875Z", "user": 1, "content_type": 11, "object_id": "54", "object_repr": "Если такой жанр вам по вкусу, то даже не сомневайтесь: садитесь читать! Роман - огонь! Интересный сюжет, великолепные персонажи, небо Аустерлица и встреча с дубом", "action_flag": 1, "change_message": "new through import_export"}}, {"model": "admin.logentry", "pk": 151, "fields": {"action_time": "2023-03-09T11:39:58.879Z", "user": 1, "content_type": 11, "object_id": "55", "object_repr": "Я ВиМ в школе читал (заставляли), а потом опять случайно прочёл, и оказалось, что он и правла великий, а не просто так. Не ставлю десятку только в память о школьных мучениях", "action_flag": 1, "change_message": "new through import_export"}}, {"model": "admin.logentry", "pk": 152, "fields": {"action_time": "2023-03-09T11:39:58.883Z", "user": 1, "content_type": 11, "object_id": "56", "object_repr": "Ничего не понял", "action_flag": 1, "change_message": "new through import_export"}}, {"model": "admin.logentry", "pk": 153, "fields": {"action_time": "2023-03-09T11:39:58.887Z", "user": 1, "content_type": 11, "object_id": "57", "object_repr": "Не понял вообще ничего", "action_flag": 1, "change_message": "new through import_export"}}, {"model": "admin.logentry", "pk": 154, "fields": {"action_time": "2023-03-09T11:39:58.891Z", "user": 1, "content_type": 11, "object_id": "58", "object_repr": "Совсем непонятно, но здорово", "action_flag": 1, "change_message": "new through import_export"}}, {"model": "admin.logentry", "pk": 155, "fields": {"action_time": "2023-03-09T11:39:58.895Z", "user": 1, "content_type": 11, "object_id": "59", "object_repr": "Что это было?! Десятка за уровень непонятности", "action_flag": 1, "change_message": "new through import_export"}}, {"model": "admin.logentry", "pk": 156, "fields": {"action_time": "2023-03-09T11:39:58.901Z", "user": 1, "content_type": 11, "object_id": "60", "object_repr": "Детально комментировать не буду, но это шедевр", "action_flag": 1, "change_message": "new through import_export"}}, {"model": "admin.logentry", "pk": 157, "fields": {"action_time": "2023-03-09T11:39:58.905Z", "user": 1, "content_type": 11, "object_id": "63", "object_repr": "Не может быть такого. Это всё придумано, автор попытался обмануть читателя, но мы, читатели, умнее его. Нас вокруг пальца не обведёшь!!", "action_flag": 1, "change_message": "new through import_export"}}, {"model": "admin.logentry", "pk": 158, "fields": {"action_time": "2023-03-09T11:39:58.910Z", "user": 1, "content_type": 11, "object_id": "64", "object_repr": "Всё совершенно не так, как на самом деле, и в документальной повести это хорошо описано", "action_flag": 1, "change_message": "new through import_export"}}, {"model": "admin.logentry", "pk": 159, "fields": {"action_time": "2023-03-09T11:39:58.914Z", "user": 1, "content_type": 11, "object_id": "66", "object_repr": "Это просто «Война и мир» для детей. Читать всем", "action_flag": 1, "change_message": "new through import_export"}}, {"model": "admin.logentry", "pk": 160, "fields": {"action_time": "2023-03-09T11:39:58.918Z", "user": 1, "content_type": 11, "object_id": "65", "object_repr": "Если бы я только мог на минутку перестать бумкать головой по ступенькам и как следует сосредоточиться — я бы написал прекрасный отзыв. Но увы — сосредоточиться-то мне и некогда: учёба, работа. Просто ", "action_flag": 1, "change_message": "new through import_export"}}, {"model": "admin.logentry", "pk": 161, "fields": {"action_time": "2023-03-09T11:39:58.922Z", "user": 1, "content_type": 11, "object_id": "67", "object_repr": "Слушаю и плачу. Плачу, но слушаю", "action_flag": 1, "change_message": "new through import_export"}}, {"model": "admin.logentry", "pk": 162, "fields": {"action_time": "2023-03-09T11:39:58.926Z", "user": 1, "content_type": 11, "object_id": "68", "object_repr": "Какой-то непонятный шум. Неужели это кто-то слушает?", "action_flag": 1, "change_message": "new through import_export"}}, {"model": "admin.logentry", "pk": 163, "fields": {"action_time": "2023-03-09T11:39:58.930Z", "user": 1, "content_type": 11, "object_id": "69", "object_repr": "Ничего не понятно. О чём эта песня, чему она учит?", "action_flag": 1, "change_message": "new through import_export"}}, {"model": "admin.logentry", "pk": 164, "fields": {"action_time": "2023-03-09T11:39:58.934Z", "user": 1, "content_type": 11, "object_id": "71", "object_repr": "Неужели песню про аквалангистов перевели на английский?! Ну наконец-то! Аквалангисты — это хорошо!", "action_flag": 1, "change_message": "new through import_export"}}, {"model": "admin.logentry", "pk": 165, "fields": {"action_time": "2023-03-09T11:39:58.938Z", "user": 1, "content_type": 11, "object_id": "70", "object_repr": "Йэн Андерсон великий!!!!!!!!1111", "action_flag": 1, "change_message": "new through import_export"}}, {"model": "admin.logentry", "pk": 166, "fields": {"action_time": "2023-03-09T11:39:58.942Z", "user": 1, "content_type": 11, "object_id": "72", "object_repr": "Мы прыгали, вертелись и кружились так, что пол ходил ходуном!", "action_flag": 1, "change_message": "new through import_export"}}, {"model": "admin.logentry", "pk": 167, "fields": {"action_time": "2023-03-09T11:39:58.946Z", "user": 1, "content_type": 11, "object_id": "73", "object_repr": "Это единственный риф, который я умею играть на своей супердорогой гитаре! Моя любимая песня", "action_flag": 1, "change_message": "new through import_export"}}, {"model": "admin.logentry", "pk": 168, "fields": {"action_time": "2023-03-09T11:39:58.950Z", "user": 1, "content_type": 11, "object_id": "74", "object_repr": "Странно: Моцарт - австриец, а марш - турецкий. Не понимаю, как так вышло. Звучит красиво, но за географическую путаницу ставлю восемь", "action_flag": 1, "change_message": "new through import_export"}}, {"model": "admin.logentry", "pk": 169, "fields": {"action_time": "2023-03-09T11:39:58.954Z", "user": 1, "content_type": 11, "object_id": "75", "object_repr": "Бах forever. Это вам не три аккорда на гитаре, как у смок он зе вотер", "action_flag": 1, "change_message": "new through import_export"}}, {"model": "admin.logentry", "pk": 170, "fields": {"action_time": "2023-03-09T11:40:13.604Z", "user": 1, "content_type": 12, "object_id": "1", "object_repr": "Ничего подобного, в фильме всё не так, и программирование тут вообще ни при чём!", "action_flag": 1, "change_message": "new through import_export"}}, {"model": "admin.logentry", "pk": 171, "fields": {"action_time": "2023-03-09T11:40:13.608Z", "user": 1, "content_type": 12, "object_id": "2", "object_repr": "Ну надо же, не нашлось ничего лучшего, кроме как прокомментировать разговор про гамбургеры, будто в фильме ничего важнее этого нет", "action_flag": 1, "change_message": "new through import_export"}}, {"model": "admin.logentry", "pk": 172, "fields": {"action_time": "2023-03-09T11:40:13.618Z", "user": 1, "content_type": 12, "object_id": "3", "object_repr": "Кстати, а что такое \"четверть фунта\"? В граммах это сколько?", "action_flag": 1, "change_message": "new through import_export"}}, {"model": "auth.permission", "pk": 1, "fields": {"name": "Can add log entry", "content_type": 1, "codename": "add_logentry"}}, {"model": "auth.permission", "pk": 2, "fields": {"name": "Can change log entry", "content_type": 1, "codename": "change_logentry"}}, {"model": "auth.permission", "pk": 3, "fields": {"name": "Can delete log entry", "content_type": 1, "codename": "delete_logentry"}}, {"model": "auth.permission", "pk": 4, "fields": {"name": "Can view log entry", "content_type": 1, "codename": "view_logentry"}}, {"model": "auth.permission", "pk": 5, "fields": {"name": "Can add permission", "content_type": 2, "codename": "add_permission"}}, {"model": "auth.permission", "pk": 6, "fields": {"name": "Can change permission", "content_type": 2, "codename": "change_permission"}}, {"model": "auth.permission", "pk": 7, "fields": {"name": "Can delete permission", "content_type": 2, "codename": "delete_permission"}}, {"model": "auth.permission", "pk": 8, "fields": {"name": "Can view permission", "content_type": 2, "codename": "view_permission"}}, {"model": "auth.permission", "pk": 9, "fields": {"name": "Can add group", "content_type": 3, "codename": "add_group"}}, {"model": "auth.permission", "pk": 10, "fields": {"name": "Can change group", "content_type": 3, "codename": "change_group"}}, {"model": "auth.permission", "pk": 11, "fields": {"name": "Can delete group", "content_type": 3, "codename": "delete_group"}}, {"model": "auth.permission", "pk": 12, "fields": {"name": "Can view group", "content_type": 3, "codename": "view_group"}}, {"model": "auth.permission", "pk": 13, "fields": {"name": "Can add content type", "content_type": 4, "codename": "add_contenttype"}}, {"model": "auth.permission", "pk": 14, "fields": {"name": "Can change content type", "content_type": 4, "codename": "change_contenttype"}}, {"model": "auth.permission", "pk": 15, "fields": {"name": "Can delete content type", "content_type": 4, "codename": "delete_contenttype"}}, {"model": "auth.permission", "pk": 16, "fields": {"name": "Can view content type", "content_type": 4, "codename": "view_contenttype"}}, {"model": "auth.permission", "pk": 17, "fields": {"name": "Can add session", "content_type": 5, "codename": "add_session"}}, {"model": "auth.permission", "pk": 18, "fields": {"name": "Can change session", "content_type": 5, "codename": "change_session"}}, {"model": "auth.permission", "pk": 19, "fields": {"name": "Can delete session", "content_type": 5, "codename": "delete_session"}}, {"model": "auth.permission", "pk": 20, "fields": {"name": "Can view session", "content_type": 5, "codename": "view_session"}}, {"model": "auth.permission", "pk": 21, "fields": {"name": "Can add user", "content_type": 6, "codename": "add_user"}}, {"model": "auth.permission", "pk": 22, "fields": {"name": "Can change user", "content_type": 6, "codename": "change_user"}}, {"model": "auth.permission", "pk": 23, "fields": {"name": "Can delete user", "content_type": 6, "codename": "delete_user"}}, {"model": "auth.permission", "pk": 24, "fields": {"name": "Can view user", "content_type": 6, "codename": "view_user"}}, {"model": "auth.permission", "pk": 25, "fields": {"name": "Can add Категория", "content_type": 7, "codename": "add_category"}}, {"model": "auth.permission", "pk": 26, "fields": {"name": "Can change Категория", "content_type": 7, "codename": "change_category"}}, {"model": "auth.permission", "pk": 27, "fields": {"name": "Can delete Категория", "content_type": 7, "codename": "delete_category"}}, {"model": "auth.permission", "pk": 28, "fields": {"name": "Can view Категория", "content_type": 7, "codename": "view_category"}}, {"model": "auth.permission", "pk": 29, "fields": {"name": "Can add Жанр", "content_type": 8, "codename": "add_genre"}}, {"model": "auth.permission", "pk": 30, "fields": {"name": "Can change Жанр", "content_type": 8, "codename": "change_genre"}}, {"model": "auth.permission", "pk": 31, "fields": {"name": "Can delete Жанр", "content_type": 8, "codename": "delete_genre"}}, {"model": "auth.permission", "pk": 32, "fields": {"name": "Can view Жанр", "content_type": 8, "codename": "view_genre"}}, {"model": "auth.permission", "pk": 33, "fields": {"name": "Can add Произведение", "content_type": 9, "codename": "add_title"}}, {"model": "auth.permission", "pk": 34, "fields": {"name": "Can change Произведение", "content_type": 9, "codename": "change_title"}}, {"model": "auth.permission", "pk": 35, "fields": {"name": "Can delete Произведение", "content_type": 9, "codename": "delete_title"}}, {"model": "auth.permission", "pk": 36, "fields": {"name": "Can view Произведение", "content_type": 9, "codename": "view_title"}}, {"model": "auth.permission", "pk": 37, "fields": {"name": "Can add Произведения и жанры", "content_type": 10, "codename": "add_titlegenre"}}, {"model": "auth.permission", "pk": 38, "fields": {"name": "Can change Произведения и жанры", "content_type": 10, "codename": "change_titlegenre"}}, {"model": "auth.permission", "pk": 39, "fields": {"name": "Can delete Произведения и жанры", "content_type": 10, "codename": "delete_titlegenre"}}, {"model": "auth.permission", "pk": 40, "fields": {"name": "Can view Произведения и жанры", "content_type": 10, "codename": "view_titlegenre"}}, {"model": "auth.permission", "pk": 41, "fields": {"name": "Can add Отзыв", "content_type": 11, "codename": "add_review"}}, {"model": "auth.permission", "pk": 42, "fields": {"name": "Can change Отзыв", "content_type": 11, "codename": "change_review"}}, {"model": "auth.permission", "pk": 43, "fields": {"name": "Can delete Отзыв", "content_type": 11, "codename": "delete_review"}}, {"model": "auth.permission", "pk": 44, "fields": {"name": "Can view Отзыв", "content_type": 11, "codename": "view_review"}}, {"model": "auth.permission", "pk": 45, "fields": {"name": "Can add Комментарий", "content_type": 12, "codename": "add_comment"}}, {"model": "auth.permission", "pk": 46, "fields": {"name": "Can change Комментарий", "content_type": 12, "codename": "change_comment"}}, {"model": "auth.permission", "pk": 47, "fields": {"name": "Can delete Комментарий", "content_type": 12, "codename": "delete_comment"}}, {"model": "auth.permission", "pk": 48, "fields": {"name": "Can view Комментарий", "content_type": 12, "codename": "view_comment"}}, {"model": "contenttypes.contenttype", "pk": 1, "fields": {"app_label": "admin", "model": "logentry"}}, {"model": "contenttypes.contenttype", "pk": 2, "fields": {"app_label": "auth", "model": "permission"}}, {"model": "contenttypes.contenttype", "pk": 3, "fields": {"app_label": "auth", "model": "group"}}, {"model": "contenttypes.contenttype", "pk": 4, "fields": {"app_label": "contenttypes", "model": "contenttype"}}, {"model": "contenttypes.contenttype", "pk": 5, "fields": {"app_label": "sessions", "model": "session"}}, {"model": "contenttypes.contenttype", "pk": 6, "fields": {"app_label": "users", "model": "user"}}, {"model": "contenttypes.contenttype", "pk": 7, "fields": {"app_label": "reviews", "model": "category"}}, {"model": "contenttypes.contenttype", "pk": 8, "fields": {"app_label": "reviews", "model": "genre"}}, {"model": "contenttypes.contenttype", "pk": 9, "fields": {"app_label": "reviews", "model": "title"}}, {"model": "contenttypes.contenttype", "pk": 10, "fields": {"app_label": "reviews", "model": "titlegenre"}}, {"model": "contenttypes.contenttype", "pk": 11, "fields": {"app_label": "reviews", "model": "review"}}, {"model": "contenttypes.contenttype", "pk": 12, "fields": {"app_label": "reviews", "model": "comment"}}, {"model": "sessions.session", "pk": "wvpliy1lwriep8nphem42hpmpnxyop13", "fields": {"session_data": ".eJxVjEEOgjAQRe_StWna6RSKS_eegcx0BkENTSisjHdXEha6_e-9_zI9bevYb1WXfhJzNt6cfjem_NB5B3Kn-VZsLvO6TGx3xR602msRfV4O9-9gpDp-69SKeADneegUWs7oHXLwGpJiaBocOFGbKCuCCII6QmBwsWOJkbx5fwDZ0De2:1paEbN:moPhFg6J2z5ZJ16vrE2ID2s5zttxafERtXNy3qK09gA", "expire_date": "2023-03-23T11:38:29.538Z"}}, {"model": "users.user", "pk": 1, "fields": {"password": "pbkdf2_sha256$260000$CJ3hZqp3r4XkktUOT9MUfL$SaZWLMFjGPXW+JKAjQjqx7aifudgjI6Kl8pXLQu1++8=", "last_login": "2023-03-09T11:38:29.528Z", "is_superuser": true, "is_staff": true, "is_active": true, "date_joined": "2023-03-09T11:38:07.196Z", "username": "siellph", "email": "siell@ph.com", "role": "user", "bio": "", "first_name": "", "last_name": "", "groups": [], "user_permissions": []}}, {"model": "users.user", "pk": 100, "fields": {"password": "", "last_login": null, "is_superuser": false, "is_staff": false, "is_active": true, "date_joined": "2023-03-09T11:39:45.177Z", "username": "bingobongo", "email": "bingobongo@yamdb.fake", "role": "user", "bio": "", "first_name": "", "last_name": "", "groups": [], "user_permissions": []}}, {"model": "users.user", "pk": 101, "fields": {"password": "", "last_login": null, "is_superuser": false, "is_staff": false, "is_active": true, "date_joined": "2023-03-09T11:39:45.180Z", "username": "capt_obvious", "email": "capt_obvious@yamdb.fake", "role": "admin", "bio": "", "first_name": "", "last_name": "", "groups": [], "user_permissions": []}}, {"model": "users.user", "pk": 102, "fields": {"password": "", "last_login": null, "is_superuser": false, "is_staff": false, "is_active": true, "date_joined": "2023-03-09T11:39:45.184Z", "username": "faust", "email": "faust@yamdb.fake", "role": "user", "bio": "", "first_name": "", "last_name": "", "groups": [], "user_permissions": []}}, {"model": "users.user", "pk": 103, "fields": {"password": "", "last_login": null, "is_superuser": false, "is_staff": false, "is_active": true, "date_joined": "2023-03-09T11:39:45.190Z", "username": "reviewer", "email": "reviewer@yamdb.fake", "role": "user", "bio": "", "first_name": "", "last_name": "", "groups": [], "user_permissions": []}}, {"model": "users.user", "pk": 104, "fields": {"password": "", "last_login": null, "is_superuser": false, "is_staff": false, "is_active": true, "date_joined": "2023-03-09T11:39:45.193Z", "username": "angry", "email": "angry@yamdb.fake", "role": "moderator", "bio": "", "first_name": "", "last_name": "", "groups": [], "user_permissions": []}}, {"model": "reviews.category", "pk": 1, "fields": {"name": "Фильм", "slug": "movie"}}, {"model": "reviews.category", "pk": 2, "fields": {"name": "Книга", "slug": "book"}}, {"model": "reviews.category", "pk": 3, "fields": {"name": "Музыка", "slug": "music"}}, {"model": "reviews.genre", "pk": 1, "fields": {"name": "Драма", "slug": "drama"}}, {"model": "reviews.genre", "pk": 2, "fields": {"name": "Комедия", "slug": "comedy"}}, {"model": "reviews.genre", "pk": 3, "fields": {"name": "Вестерн", "slug": "western"}}, {"model": "reviews.genre", "pk": 4, "fields": {"name": "Фэнтези", "slug": "fantasy"}}, {"model": "reviews.genre", "pk": 5, "fields": {"name": "Фантастика", "slug": "sci-fi"}}, {"model": "reviews.genre", "pk": 6, "fields": {"name": "Детектив", "slug": "detective"}}, {"model": "reviews.genre", "pk": 7, "fields": {"name": "Триллер", "slug": "thriller"}}, {"model": "reviews.genre", "pk": 8, "fields": {"name": "Сказка", "slug": "tale"}}, {"model": "reviews.genre", "pk": 9, "fields": {"name": "Гонзо", "slug": "gonzo"}}, {"model": "reviews.genre", "pk": 10, "fields": {"name": "Роман", "slug": "roman"}}, {"model": "reviews.genre", "pk": 11, "fields": {"name": "Баллада", "slug": "ballad"}}, {"model": "reviews.genre", "pk": 12, "fields": {"name": "Rock-n-roll", "slug": "rock-n-roll"}}, {"model": "reviews.genre", "pk": 13, "fields": {"name": "Классика", "slug": "classical"}}, {"model": "reviews.genre", "pk": 14, "fields": {"name": "Рок", "slug": "rock"}}, {"model": "reviews.genre", "pk": 15, "fields": {"name": "Шансон", "slug": "chanson"}}, {"model": "reviews.title", "pk": 1, "fields": {"category": 1, "description": "", "name": "Побег из Шоушенка", "year": 1994}}, {"model": "reviews.title", "pk": 2, "fields": {"category": 1, "description": "", "name": "Крестный отец", "year": 1972}}, {"model": "reviews.title", "pk": 3, "fields": {"category": 1, "description": "", "name": "12 разгневанных мужчин", "year": 1957}}, {"model": "reviews.title", "pk": 4, "fields": {"category": 1, "description": "", "name": "Список Шиндлера", "year": 1993}}, {"model": "reviews.title", "pk": 5, "fields": {"category": 1, "description": "", "name": "Криминальное чтиво", "year": 1994}}, {"model": "reviews.title", "pk": 6, "fields": {"category": 1, "description": "", "name": "Хороший, плохой, злой", "year": 1966}}, {"model": "reviews.title", "pk": 7, "fields": {"category": 1, "description": "", "name": "Властелин колец: Братство кольца", "year": 2001}}, {"model": "reviews.title", "pk": 8, "fields": {"category": 1, "description": "", "name": "Бойцовский клуб", "year": 1999}}, {"model": "reviews.title", "pk": 9, "fields": {"category": 1, "description": "", "name": "Форрест Гамп", "year": 1994}}, {"model": "reviews.title", "pk": 10, "fields": {"category": 1, "description": "", "name": "Звёздные войны. Эпизод 5: Империя наносит ответный удар", "year": 1980}}, {"model": "reviews.title", "pk": 11, "fields": {"category": 1, "description": "", "name": "Властелин колец: Две крепости", "year": 2002}}, {"model": "reviews.title", "pk": 12, "fields": {"category": 1, "description": "", "name": "Матрица", "year": 1999}}, {"model": "reviews.title", "pk": 13, "fields": {"category": 1, "description": "", "name": "Пролетая над гнездом кукушки", "year": 1975}}, {"model": "reviews.title", "pk": 14, "fields": {"category": 1, "description": "", "name": "Назад в будущее", "year": 1985}}, {"model": "reviews.title", "pk": 15, "fields": {"category": 1, "description": "", "name": "Операция «Ы» и другие приключения Шурика", "year": 1965}}, {"model": "reviews.title", "pk": 16, "fields": {"category": 1, "description": "", "name": "Карты, деньги, два ствола", "year": 1998}}, {"model": "reviews.title", "pk": 17, "fields": {"category": 1, "description": "", "name": "Джентльмены удачи ", "year": 1971}}, {"model": "reviews.title", "pk": 18, "fields": {"category": 1, "description": "", "name": "Джанго освобожденный", "year": 2012}}, {"model": "reviews.title", "pk": 19, "fields": {"category": 1, "description": "", "name": "Generation П", "year": 2011}}, {"model": "reviews.title", "pk": 20, "fields": {"category": 2, "description": "", "name": "Колобок", "year": 1873}}, {"model": "reviews.title", "pk": 21, "fields": {"category": 2, "description": "", "name": "Страх и ненависть в Лас-Вегасе", "year": 1971}}, {"model": "reviews.title", "pk": 22, "fields": {"category": 2, "description": "", "name": "Война и мир", "year": 1865}}, {"model": "reviews.title", "pk": 23, "fields": {"category": 2, "description": "", "name": "Улисс", "year": 1918}}, {"model": "reviews.title", "pk": 24, "fields": {"category": 2, "description": "", "name": "Generation П", "year": 1999}}, {"model": "reviews.title", "pk": 25, "fields": {"category": 2, "description": "", "name": "Винни Пух и все-все-все", "year": 1926}}, {"model": "reviews.title", "pk": 26, "fields": {"category": 3, "description": "", "name": "Стас Михайлов - Позывные на любовь", "year": 2004}}, {"model": "reviews.title", "pk": 27, "fields": {"category": 3, "description": "", "name": "Led Zeppelin — Stairway to Heaven", "year": 1971}}, {"model": "reviews.title", "pk": 28, "fields": {"category": 3, "description": "", "name": "Jethro Tull - Aqualung", "year": 1971}}, {"model": "reviews.title", "pk": 29, "fields": {"category": 3, "description": "", "name": "Elvis Presley - Blue Suede Shoes", "year": 1955}}, {"model": "reviews.title", "pk": 30, "fields": {"category": 3, "description": "", "name": "Deep Purple — Smoke on the Water", "year": 1971}}, {"model": "reviews.title", "pk": 31, "fields": {"category": 3, "description": "", "name": "Моцарт - Турецкий марш", "year": 1784}}, {"model": "reviews.title", "pk": 32, "fields": {"category": 3, "description": "", "name": "Бах. Оркестровая Сюита №2 си минор", "year": 1739}}, {"model": "reviews.titlegenre", "pk": 1, "fields": {"title": 1, "genre": 1}}, {"model": "reviews.titlegenre", "pk": 2, "fields": {"title": 2, "genre": 1}}, {"model": "reviews.titlegenre", "pk": 3, "fields": {"title": 3, "genre": 1}}, {"model": "reviews.titlegenre", "pk": 4, "fields": {"title": 4, "genre": 1}}, {"model": "reviews.titlegenre", "pk": 5, "fields": {"title": 5, "genre": 2}}, {"model": "reviews.titlegenre", "pk": 6, "fields": {"title": 5, "genre": 6}}, {"model": "reviews.titlegenre", "pk": 7, "fields": {"title": 5, "genre": 7}}, {"model": "reviews.titlegenre", "pk": 8, "fields": {"title": 6, "genre": 3}}, {"model": "reviews.titlegenre", "pk": 9, "fields": {"title": 7, "genre": 4}}, {"model": "reviews.titlegenre", "pk": 10, "fields": {"title": 8, "genre": 7}}, {"model": "reviews.titlegenre", "pk": 11, "fields": {"title": 9, "genre": 1}}, {"model": "reviews.titlegenre", "pk": 12, "fields": {"title": 9, "genre": 2}}, {"model": "reviews.titlegenre", "pk": 13, "fields": {"title": 10, "genre": 4}}, {"model": "reviews.titlegenre", "pk": 14, "fields": {"title": 11, "genre": 4}}, {"model": "reviews.titlegenre", "pk": 15, "fields": {"title": 12, "genre": 1}}, {"model": "reviews.titlegenre", "pk": 16, "fields": {"title": 12, "genre": 5}}, {"model": "reviews.titlegenre", "pk": 17, "fields": {"title": 12, "genre": 6}}, {"model": "reviews.titlegenre", "pk": 18, "fields": {"title": 12, "genre": 8}}, {"model": "reviews.titlegenre", "pk": 19, "fields": {"title": 13, "genre": 1}}, {"model": "reviews.titlegenre", "pk": 20, "fields": {"title": 14, "genre": 5}}, {"model": "reviews.titlegenre", "pk": 21, "fields": {"title": 15, "genre": 2}}, {"model": "reviews.titlegenre", "pk": 22, "fields": {"title": 15, "genre": 6}}, {"model": "reviews.titlegenre", "pk": 23, "fields": {"title": 15, "genre": 8}}, {"model": "reviews.titlegenre", "pk": 24, "fields": {"title": 16, "genre": 2}}, {"model": "reviews.titlegenre", "pk": 25, "fields": {"title": 17, "genre": 2}}, {"model": "reviews.titlegenre", "pk": 26, "fields": {"title": 18, "genre": 1}}, {"model": "reviews.titlegenre", "pk": 27, "fields": {"title": 19, "genre": 1}}, {"model": "reviews.titlegenre", "pk": 28, "fields": {"title": 20, "genre": 7}}, {"model": "reviews.titlegenre", "pk": 29, "fields": {"title": 20, "genre": 8}}, {"model": "reviews.titlegenre", "pk": 30, "fields": {"title": 21, "genre": 9}}, {"model": "reviews.titlegenre", "pk": 31, "fields": {"title": 22, "genre": 10}}, {"model": "reviews.titlegenre", "pk": 32, "fields": {"title": 23, "genre": 10}}, {"model": "reviews.titlegenre", "pk": 33, "fields": {"title": 24, "genre": 10}}, {"model": "reviews.titlegenre", "pk": 34, "fields": {"title": 25, "genre": 8}}, {"model": "reviews.titlegenre", "pk": 35, "fields": {"title": 26, "genre": 15}}, {"model": "reviews.titlegenre", "pk": 36, "fields": {"title": 27, "genre": 11}}, {"model": "reviews.titlegenre", "pk": 37, "fields": {"title": 27, "genre": 14}}, {"model": "reviews.titlegenre", "pk": 38, "fields": {"title": 28, "genre": 11}}, {"model": "reviews.titlegenre", "pk": 39, "fields": {"title": 29, "genre": 12}}, {"model": "reviews.titlegenre", "pk": 40, "fields": {"title": 30, "genre": 14}}, {"model": "reviews.titlegenre", "pk": 41, "fields": {"title": 31, "genre": 13}}, {"model": "reviews.titlegenre", "pk": 42, "fields": {"title": 32, "genre": 13}}, {"model": "reviews.review", "pk": 1, "fields": {"author": 100, "title": 1, "text": "Ставлю десять звёзд!\n...Эти голоса были чище и светлее тех, о которых мечтали в этом сером, убогом месте. Как будто две птички влетели и своими голосами развеяли стены наших клеток, и на короткий миг каждый человек в Шоушенке почувствовал себя свободным.", "pub_date": "2023-03-09T11:39:58.346Z", "score": 10}}, {"model": "reviews.review", "pk": 2, "fields": {"author": 101, "title": 1, "text": "Не привыкай\n«Эти стены имеют одно свойство: сначала ты их ненавидишь, потом привыкаешь, а потом не можешь без них жить»", "pub_date": "2023-03-09T11:39:58.353Z", "score": 10}}, {"model": "reviews.review", "pk": 3, "fields": {"author": 102, "title": 2, "text": "Фильм, разобранный на цитаты, достоин высшей оценки. Десять с плюсом (жаль, тут плюса нет)\n\"Ты пришел и говоришь: \"Дон Корлеоне, мне нужна справедливость\". Но ты просишь без уважения, ты не предлагаешь дружбу, ты даже не назвал меня Крестным Отцом.\"", "pub_date": "2023-03-09T11:39:58.356Z", "score": 10}}, {"model": "reviews.review", "pk": 4, "fields": {"author": 103, "title": 2, "text": "Жестокий, жестокий, жестокий мир, не о таком мечтали мы в детстве!!111\n***Отец сделал ему предложение, от которого он не смог отказаться. Лука Брази держал пистолет у его виска, и отец предложил выбор: либо на контракте мозги, либо подпись.***", "pub_date": "2023-03-09T11:39:58.360Z", "score": 1}}, {"model": "reviews.review", "pk": 5, "fields": {"author": 104, "title": 2, "text": "Это мои соседи! Ставлю три звезды за то, что они дважды отдавили мне окном пальцы:\n----------------------\n— Вы живёте в плохом районе?\n— Не то слово. Однажды с нашей улицы угнали полицейскую машину с двумя полицейскими. В дом всё время лезут воры. Каждый раз, как я пытаюсь закрыть окно, прищемляю кому-нибудь пальцы.", "pub_date": "2023-03-09T11:39:58.365Z", "score": 3}}, {"model": "reviews.review", "pk": 6, "fields": {"author": 100, "title": 5, "text": "Всё, как в разных языках программирования! В основном — похоже, но вот эти маленькие различия выводят из себя. \nВеликий фильм на все случаи жизни!\n=====================================================\n— А знаешь, как в Париже называют четвертьфунтовый чизбургер?\n— Что, они не зовут его четвертьфунтовый чизбургер?\n— У них там метрическая система. Они вообще там не понимают, что за хрен четверть фунта.\n— И как они его зовут?\n— Они зовут его «Роял чизбургер».\n— «Роял чизбургер»? А как же тогда они зовут «Биг Мак»?\n— «Биг Мак» это «Биг Мак», только они называют его «Лё Биг Мак».", "pub_date": "2023-03-09T11:39:58.386Z", "score": 8}}, {"model": "reviews.review", "pk": 7, "fields": {"author": 101, "title": 5, "text": "Ничего не понятно. Они там что, страницы сценария перепутали? Его сперва убили, а потом он опять жив, а они сперва в футболках, потом в костюмах, а потом опять в футболках. Ерунда полная", "pub_date": "2023-03-09T11:39:58.391Z", "score": 1}}, {"model": "reviews.review", "pk": 8, "fields": {"author": 102, "title": 5, "text": "Очень поучительный фильм о том, что такое хорошо, что такое плохо и почему не надо читать в туалете.\nТвердая восьмёрка", "pub_date": "2023-03-09T11:39:58.394Z", "score": 8}}, {"model": "reviews.review", "pk": 9, "fields": {"author": 103, "title": 6, "text": "Посмотрел фильм. \n— На свете есть два типа людей: те, кто копает и те, у кого заряжен револьвер.\nПойду копать, как велел Клинт. \nДевять баллов.", "pub_date": "2023-03-09T11:39:58.398Z", "score": 9}}, {"model": "reviews.review", "pk": 10, "fields": {"author": 104, "title": 6, "text": "Вечная проблема всех злодеев, болтающих-болтающих-болтающих вместо того, чтобы просто застрелить противника, одним махом решена в этой сцене.\nЗа одно это фильм заслуживает высшего балла\n\"Пришел стрелять - стреляй, а не болтай!\"", "pub_date": "2023-03-09T11:39:58.402Z", "score": 10}}, {"model": "reviews.review", "pk": 12, "fields": {"author": 101, "title": 14, "text": "Недавно именно так я изобрёл вечный двигатель! Чистая правда в фильме, почему он назван \"фантастикой\", это же полнейший реализм!\nВот цитата. Но зачем ему часы в уборной?!\n— В тот день я изобрёл путешествие во времени! Как сейчас помню… Я стоял на унитазе и вешал часы. Вдруг подскользнулся, ударился головой о раковину", "pub_date": "2023-03-09T11:39:58.479Z", "score": 8}}, {"model": "reviews.review", "pk": 13, "fields": {"author": 102, "title": 14, "text": "Великий фильм, жаль только, что будущее, которое в нём показано, уже в прошлом. Но проблемы всё теже, вот как эта, например: «Док, послушай, всё, что нам нужно — это немного плутония!»\nВсегда не хватает какой-нибудь мелочи. Семёрка за то, что будущее оказалось не таким, как обещали.", "pub_date": "2023-03-09T11:39:58.484Z", "score": 7}}, {"model": "reviews.review", "pk": 14, "fields": {"author": 103, "title": 14, "text": "Будущее выглядит странно и неожиданно, тоже мне, бином Ньютона. Но диалог прекрасен, и за это не стану сильно минусовать.\n-- Then tell me, future boy, who's President of the United States in 1985?\n-- Ronald Reagan.\n-- Ronald Reagan? The actor? Then who's vice president? Jerry Lewis?", "pub_date": "2023-03-09T11:39:58.488Z", "score": 4}}, {"model": "reviews.review", "pk": 15, "fields": {"author": 104, "title": 17, "text": "Неужели из тюрьмы так легко было сбежать? Раз - и ты на свободе. Да, побег из Шоушенка пришлось готовить немного дольше. Пять за соцреализм", "pub_date": "2023-03-09T11:39:58.521Z", "score": 5}}, {"model": "reviews.review", "pk": 16, "fields": {"author": 100, "title": 3, "text": "Сходила в кино, решила написать: драйв и огонь, но иногда какой-то бред на экране. В середине фильма просто отличные диалоги! Пусть будет 7", "pub_date": "2023-03-09T11:39:58.369Z", "score": 7}}, {"model": "reviews.review", "pk": 17, "fields": {"author": 101, "title": 3, "text": "Смотрел, не отрываясь, хочу описать свои впечатления. По моему мнению, сценарий подкачал, зато подбор актёров - супер. Начало немного затянуто. Оператору - Оскара! Всё остальное - не очень. Фильм тянет на 8 из 10", "pub_date": "2023-03-09T11:39:58.373Z", "score": 8}}, {"model": "reviews.review", "pk": 18, "fields": {"author": 102, "title": 4, "text": "Скачал, посмотрел, думаю, что актёры так себе, сценарий хороший. Диалоги прекрасные, так что пусть будет восемь звезд", "pub_date": "2023-03-09T11:39:58.378Z", "score": 8}}, {"model": "reviews.review", "pk": 19, "fields": {"author": 103, "title": 4, "text": "Посмотрел. По моему мнению, актёры так себе, но сценарий хороший. Первую половину фильма можно спать, не опасаясь, что что-то пропустишь. Не раздумывая, ставлю уверенную десятку", "pub_date": "2023-03-09T11:39:58.382Z", "score": 10}}, {"model": "reviews.review", "pk": 20, "fields": {"author": 104, "title": 7, "text": "Скажу тем, кто ещё не смотрел: если бы я был режиссёром этого фильма - я бы не гордился. Оператора уволить, фильм получился так себе, но один раз посмотреть - сойдёт. Авторы честно заслужили 5 из 10", "pub_date": "2023-03-09T11:39:58.409Z", "score": 5}}, {"model": "reviews.review", "pk": 21, "fields": {"author": 100, "title": 7, "text": "Скачал, посмотрел, думаю, что сценарий подкачал, зато подбор актёров - супер. Начало немного затянуто, да и вообще не очень. Фильм едва тянет на 4", "pub_date": "2023-03-09T11:39:58.406Z", "score": 4}}, {"model": "reviews.review", "pk": 22, "fields": {"author": 101, "title": 8, "text": "Мне кажется, что я впустую потерял время. Ставлю 2", "pub_date": "2023-03-09T11:39:58.414Z", "score": 2}}, {"model": "reviews.review", "pk": 23, "fields": {"author": 102, "title": 8, "text": "Посмотрела. Актёры так себе, сценарий хороший. Уснула к середине. Не раздумывая, ставлю двойку ", "pub_date": "2023-03-09T11:39:58.418Z", "score": 2}}, {"model": "reviews.review", "pk": 24, "fields": {"author": 103, "title": 9, "text": "Все очень долго ждали премьеру фильма,и наконец дождались.Фильм отличный,добрый,смотрится почти на одном дыхании,с завязанным сюжетом и не менее крутой музыкой.Кино очень понравилось!!!Всем советую.", "pub_date": "2023-03-09T11:39:58.425Z", "score": 10}}, {"model": "reviews.review", "pk": 25, "fields": {"author": 104, "title": 9, "text": "Отстой-фильм. Не ходите", "pub_date": "2023-03-09T11:39:58.431Z", "score": 1}}, {"model": "reviews.review", "pk": 26, "fields": {"author": 100, "title": 9, "text": "Для людей, которые хотят посмеяться и получить море эмоций, тот самый фильм. Мне очень понравился.", "pub_date": "2023-03-09T11:39:58.422Z", "score": 10}}, {"model": "reviews.review", "pk": 27, "fields": {"author": 101, "title": 10, "text": "Первый раз в жизни решила написать отзыв,чтобы предостеречь от потери денег на билет и траты времени на просмотр. К игре актеров претензий нет", "pub_date": "2023-03-09T11:39:58.435Z", "score": 2}}, {"model": "reviews.review", "pk": 28, "fields": {"author": 102, "title": 10, "text": "2 часа смотрятся на одном дыхании. Спецэффекты на уровне фильмов Марвела. Смотрели всей семьей. Посмотрел несколько отзывов, понял , что фильм стоит посмотреть", "pub_date": "2023-03-09T11:39:58.438Z", "score": 10}}, {"model": "reviews.review", "pk": 29, "fields": {"author": 103, "title": 11, "text": "Действия персонажей вызывают постоянный вопросы - что и зачем они это делают. Логики просто нет. После половины фильма уже хочется уйти", "pub_date": "2023-03-09T11:39:58.447Z", "score": 1}}, {"model": "reviews.review", "pk": 30, "fields": {"author": 104, "title": 11, "text": "Лучший фильм, однозначно. Шедевр. Но следует понимать, что это не кино под пиво для молодежи. Стильно снято, на одном дыхании\nсмотрится, персонажи великолепны", "pub_date": "2023-03-09T11:39:58.451Z", "score": 10}}, {"model": "reviews.review", "pk": 31, "fields": {"author": 100, "title": 11, "text": "Тупее не видел, смотреть не интересно скучняк", "pub_date": "2023-03-09T11:39:58.443Z", "score": 1}}, {"model": "reviews.review", "pk": 32, "fields": {"author": 101, "title": 12, "text": "Фильм интересный,но не доработанный.Остроты сюжета не хватает", "pub_date": "2023-03-09T11:39:58.455Z", "score": 8}}, {"model": "reviews.review", "pk": 33, "fields": {"author": 102, "title": 12, "text": "Самая сильная картина за последнее время. Фильм заставляет плакать, радоваться, грустить, держит в напряжении", "pub_date": "2023-03-09T11:39:58.459Z", "score": 10}}, {"model": "reviews.review", "pk": 34, "fields": {"author": 103, "title": 12, "text": "С огромным удовольствием сходила в кинотеатр. Одноразовые фильмы, названия которых забываешь на выходе из дверей кинозала, разочаровывают. И вот настоящий, душевный, жизненный фильм. Игра акторов и сюжет бомбические.", "pub_date": "2023-03-09T11:39:58.463Z", "score": 9}}, {"model": "reviews.review", "pk": 35, "fields": {"author": 104, "title": 13, "text": "Что сказать после просмотра? Ничего. Такое ощущение, что тебя обманули, заставили смотреть за твои деньги на стену", "pub_date": "2023-03-09T11:39:58.475Z", "score": 1}}, {"model": "reviews.review", "pk": 36, "fields": {"author": 100, "title": 13, "text": "Хотелось уйти уже на двадцатой минуте. Неинтересно и нудно. Режиссура не впечатлила, ну просто неинтересно смотреть было", "pub_date": "2023-03-09T11:39:58.466Z", "score": 2}}, {"model": "reviews.review", "pk": 37, "fields": {"author": 101, "title": 13, "text": "Фильм стоит увидеть тем, кому интересно современное кино. Не скучно, не затянуто, понравилась операторская работа, некоторые сцены сделаны на хорошем уровне", "pub_date": "2023-03-09T11:39:58.471Z", "score": 8}}, {"model": "reviews.review", "pk": 38, "fields": {"author": 102, "title": 15, "text": "Муторно и тяжело. Ставлю 2", "pub_date": "2023-03-09T11:39:58.492Z", "score": 2}}, {"model": "reviews.review", "pk": 39, "fields": {"author": 103, "title": 15, "text": "Фильм не оправдал ожиданий. Сплошная каша, слабый сценарий. С трудом досмотрела до конца. Ожидала нечто такого интересного и захватывающее. Полное разочарование. Отдельные несвязные сцены, непонятные диалоги", "pub_date": "2023-03-09T11:39:58.496Z", "score": 3}}, {"model": "reviews.review", "pk": 40, "fields": {"author": 104, "title": 15, "text": "Мне фильм понравился. Все качественно,красиво. Игра актеров, в основном, очень даже. Но слишком много, для меня кровавых сцен,слабонервным просьба не смотреть", "pub_date": "2023-03-09T11:39:58.500Z", "score": 9}}, {"model": "reviews.review", "pk": 41, "fields": {"author": 100, "title": 16, "text": "Зря потерянное время! Эмоции после просмотра, - безысходность, ничего уже не изменишь. Фильм вообще никакой!!!\nИ поставили его люди бездарные и никчёмные!!!", "pub_date": "2023-03-09T11:39:58.504Z", "score": 1}}, {"model": "reviews.review", "pk": 42, "fields": {"author": 101, "title": 16, "text": "После просмотра разочарование граничит с шоком. Бездарный фильм, как предыдущий от этого же режиссера. Не рекомендую никому! Плохо, неправдоподобно, скомкано снято.", "pub_date": "2023-03-09T11:39:58.509Z", "score": 2}}, {"model": "reviews.review", "pk": 43, "fields": {"author": 102, "title": 16, "text": "Фильм мощный. Главное - не занимать чью-то позицию, а смотреть со стороны. Впервые вижу, чтобы было так детально показаны переживания и эмоции каждого героя. Все на своем месте. Актеры и графика на высоте.", "pub_date": "2023-03-09T11:39:58.513Z", "score": 10}}, {"model": "reviews.review", "pk": 44, "fields": {"author": 103, "title": 17, "text": "Если такой жанр вам по вкусу, то даже не сомневайтесь - бегом в кинотеатр! Фильм - огонь! Интересный сюжет, великолепная игра актёров, съёмки просто супер, да и спецэффекты на высоте", "pub_date": "2023-03-09T11:39:58.516Z", "score": 10}}, {"model": "reviews.review", "pk": 45, "fields": {"author": 104, "title": 18, "text": "Сюжет, мысль, философия, игра актеров, эмоции - блеск! Сюжет динамичный, игра актёров хороша, но не идеальна.", "pub_date": "2023-03-09T11:39:58.530Z", "score": 8}}, {"model": "reviews.review", "pk": 46, "fields": {"author": 100, "title": 18, "text": "Разочарованине, вытащила себя в кино, а тут такое. Реклама шла мноообещающая, а в реальности всё не то", "pub_date": "2023-03-09T11:39:58.526Z", "score": 2}}, {"model": "reviews.review", "pk": 47, "fields": {"author": 101, "title": 19, "text": "Неправдоподобный, нелогичный, бессмысленный фильм. Просто никакой, можете даже не смотреть, сути не уловите. Мне понравился", "pub_date": "2023-03-09T11:39:58.534Z", "score": 10}}, {"model": "reviews.review", "pk": 48, "fields": {"author": 102, "title": 19, "text": "Интересно продуманный фильм, цепляет необычным сюжетом. длинный, что бывает не во всех фильмах. Актёры крутые. В общем, посмотреть можно.", "pub_date": "2023-03-09T11:39:58.539Z", "score": 8}}, {"model": "reviews.review", "pk": 49, "fields": {"author": 103, "title": 20, "text": "Внимательно слежу за всеми новыми изданиями, покупаю каждое. Лучший триллер тысячелетия — это «Колобок»", "pub_date": "2023-03-09T11:39:58.543Z", "score": 10}}, {"model": "reviews.review", "pk": 50, "fields": {"author": 104, "title": 20, "text": "А вот у кипчаков «колобок» — шарик из навоза! И сказка приобретает совсем другой смысл! «Не хитри, а то навоза накушаешься!»", "pub_date": "2023-03-09T11:39:58.547Z", "score": 10}}, {"model": "reviews.review", "pk": 51, "fields": {"author": 100, "title": 21, "text": "Прочла от начала до конца, не отрываясь. Ужасная книга, чему она может научить нашу молодёжь.", "pub_date": "2023-03-09T11:39:58.551Z", "score": 1}}, {"model": "reviews.review", "pk": 52, "fields": {"author": 101, "title": 21, "text": "Суровые американские семидесятые в документальном изложении. Как автор дожил до 2005-го года — загадка. Но роман прекрасный.", "pub_date": "2023-03-09T11:39:58.555Z", "score": 10}}, {"model": "reviews.review", "pk": 53, "fields": {"author": 102, "title": 22, "text": "Многабукуф. Ниасилил. В аннотации написано — «великий роман», так что ставлю максимальную оценку", "pub_date": "2023-03-09T11:39:58.559Z", "score": 10}}, {"model": "reviews.review", "pk": 54, "fields": {"author": 103, "title": 22, "text": "Если такой жанр вам по вкусу, то даже не сомневайтесь: садитесь читать! Роман - огонь! Интересный сюжет, великолепные персонажи, небо Аустерлица и встреча с дубом", "pub_date": "2023-03-09T11:39:58.565Z", "score": 10}}, {"model": "reviews.review", "pk": 55, "fields": {"author": 104, "title": 22, "text": "Я ВиМ в школе читал (заставляли), а потом опять случайно прочёл, и оказалось, что он и правла великий, а не просто так. Не ставлю десятку только в память о школьных мучениях", "pub_date": "2023-03-09T11:39:58.569Z", "score": 8}}, {"model": "reviews.review", "pk": 56, "fields": {"author": 100, "title": 23, "text": "Ничего не понял", "pub_date": "2023-03-09T11:39:58.573Z", "score": 3}}, {"model": "reviews.review", "pk": 57, "fields": {"author": 101, "title": 23, "text": "Не понял вообще ничего", "pub_date": "2023-03-09T11:39:58.578Z", "score": 1}}, {"model": "reviews.review", "pk": 58, "fields": {"author": 102, "title": 23, "text": "Совсем непонятно, но здорово", "pub_date": "2023-03-09T11:39:58.582Z", "score": 8}}, {"model": "reviews.review", "pk": 59, "fields": {"author": 103, "title": 23, "text": "Что это было?! Десятка за уровень непонятности", "pub_date": "2023-03-09T11:39:58.586Z", "score": 10}}, {"model": "reviews.review", "pk": 60, "fields": {"author": 104, "title": 23, "text": "Детально комментировать не буду, но это шедевр", "pub_date": "2023-03-09T11:39:58.591Z", "score": 10}}, {"model": "reviews.review", "pk": 63, "fields": {"author": 102, "title": 24, "text": "Не может быть такого. Это всё придумано, автор попытался обмануть читателя, но мы, читатели, умнее его. Нас вокруг пальца не обведёшь!!", "pub_date": "2023-03-09T11:39:58.595Z", "score": 2}}, {"model": "reviews.review", "pk": 64, "fields": {"author": 103, "title": 24, "text": "Всё совершенно не так, как на самом деле, и в документальной повести это хорошо описано", "pub_date": "2023-03-09T11:39:58.599Z", "score": 9}}, {"model": "reviews.review", "pk": 65, "fields": {"author": 104, "title": 25, "text": "Если бы я только мог на минутку перестать бумкать головой по ступенькам и как следует сосредоточиться — я бы написал прекрасный отзыв. Но увы — сосредоточиться-то мне и некогда: учёба, работа. Просто поставлю пятёрку", "pub_date": "2023-03-09T11:39:58.609Z", "score": 10}}, {"model": "reviews.review", "pk": 66, "fields": {"author": 100, "title": 25, "text": "Это просто «Война и мир» для детей. Читать всем", "pub_date": "2023-03-09T11:39:58.604Z", "score": 10}}, {"model": "reviews.review", "pk": 67, "fields": {"author": 101, "title": 26, "text": "Слушаю и плачу. Плачу, но слушаю", "pub_date": "2023-03-09T11:39:58.613Z", "score": 10}}, {"model": "reviews.review", "pk": 68, "fields": {"author": 102, "title": 27, "text": "Какой-то непонятный шум. Неужели это кто-то слушает?", "pub_date": "2023-03-09T11:39:58.618Z", "score": 1}}, {"model": "reviews.review", "pk": 69, "fields": {"author": 103, "title": 27, "text": "Ничего не понятно. О чём эта песня, чему она учит?", "pub_date": "2023-03-09T11:39:58.623Z", "score": 2}}, {"model": "reviews.review", "pk": 70, "fields": {"author": 104, "title": 28, "text": "Йэн Андерсон великий!!!!!!!!1111", "pub_date": "2023-03-09T11:39:58.632Z", "score": 10}}, {"model": "reviews.review", "pk": 71, "fields": {"author": 100, "title": 28, "text": "Неужели песню про аквалангистов перевели на английский?! Ну наконец-то! Аквалангисты — это хорошо!", "pub_date": "2023-03-09T11:39:58.627Z", "score": 10}}, {"model": "reviews.review", "pk": 72, "fields": {"author": 101, "title": 29, "text": "Мы прыгали, вертелись и кружились так, что пол ходил ходуном!", "pub_date": "2023-03-09T11:39:58.636Z", "score": 10}}, {"model": "reviews.review", "pk": 73, "fields": {"author": 104, "title": 30, "text": "Это единственный риф, который я умею играть на своей супердорогой гитаре! Моя любимая песня", "pub_date": "2023-03-09T11:39:58.641Z", "score": 10}}, {"model": "reviews.review", "pk": 74, "fields": {"author": 100, "title": 31, "text": "Странно: Моцарт - австриец, а марш - турецкий. Не понимаю, как так вышло. Звучит красиво, но за географическую путаницу ставлю восемь", "pub_date": "2023-03-09T11:39:58.645Z", "score": 8}}, {"model": "reviews.review", "pk": 75, "fields": {"author": 102, "title": 32, "text": "Бах forever. Это вам не три аккорда на гитаре, как у смок он зе вотер", "pub_date": "2023-03-09T11:39:58.650Z", "score": 10}}, {"model": "reviews.comment", "pk": 1, "fields": {"review": 6, "author": 102, "text": "Ничего подобного, в фильме всё не так, и программирование тут вообще ни при чём!", "pub_date": "2023-03-09T11:40:13.582Z"}}, {"model": "reviews.comment", "pk": 2, "fields": {"review": 6, "author": 101, "text": "Ну надо же, не нашлось ничего лучшего, кроме как прокомментировать разговор про гамбургеры, будто в фильме ничего важнее этого нет", "pub_date": "2023-03-09T11:40:13.588Z"}}, {"model": "reviews.comment", "pk": 3, "fields": {"review": 6, "author": 103, "text": "Кстати, а что такое \"четверть фунта\"? В граммах это сколько?", "pub_date": "2023-03-09T11:40:13.592Z"}}]